{
  "project_info": {
    "project_number": "585499110519",
    "firebase_url": "https://fir-demo-project-3bc77.firebaseio.com",
    "project_id": "fir-demo-project-3bc77",
    "storage_bucket": "fir-demo-project-3bc77.appspot.com"
  },
  "client": [
    {
      "client_info": {
        "mobilesdk_app_id": "1:585499110519:android:f7741ef4d5cb6165",
        "android_client_info": {
          "package_name": "com.robpercival.firebasedemoapp"
        }
      },
      "oauth_client": [
        {
          "client_id": "585499110519-hh9o35eao4p177jvpeccuqc82ogt73rh.apps.googleusercontent.com",
          "client_type": 3
        }
      ],
      "api_key": [
        {
          "current_key": "AIzaSyB1eyKFVjlwhNZrnsdQCeLs6Dntprrjuow"
        }
      ],
      "services": {
        "analytics_service": {
          "status": 1
        },
        "appinvite_service": {
          "status": 1,
          "other_platform_oauth_client": []
        },
        "ads_service": {
          "status": 2
        }
      }
    }
  ],
  "configuration_version": "1"
}